id,actor_name,actor_img,drama_cd,spot_cd
1,송강호,https://search.pstatic.net/common?type=a&size=120x150&quality=95&direct=true&src=http%3A%2F%2Fsstatic.naver.net%2Fpeople%2Fportrait%2F201909%2F20190904174245468-9122500.jpg,1,
2,이선균,https://search.pstatic.net/common?type=a&size=120x150&quality=95&direct=true&src=http%3A%2F%2Fsstatic.naver.net%2Fpeople%2Fportrait%2F201705%2F20170510003420102-7278827.jpg,1,
3,조여정,https://search.pstatic.net/common?type=a&size=120x150&quality=95&direct=true&src=http%3A%2F%2Fsstatic.naver.net%2Fpeople%2Fportrait%2F201408%2F2014081216530934-7249138.jpg,1,
4,최우식,https://search.pstatic.net/common?type=a&size=120x150&quality=95&direct=true&src=http%3A%2F%2Fsstatic.naver.net%2Fpeople%2Fportrait%2F201911%2F20191111162806970-8759926.jpg,1,
5,박소담,https://search.pstatic.net/common?type=a&size=120x150&quality=95&direct=true&src=http%3A%2F%2Fsstatic.naver.net%2Fpeople%2Fportrait%2F202002%2F20200227111649899.jpg,1,
6,황정음,https://search.pstatic.net/common?type=a&size=120x150&quality=95&direct=true&src=http%3A%2F%2Fsstatic.naver.net%2Fpeople%2Fportrait%2F201705%2F20170515135905272-3840444.jpg,2,
7,육성재,https://search.pstatic.net/common?type=a&size=120x150&quality=95&direct=true&src=http%3A%2F%2Fsstatic.naver.net%2Fpeople%2F189%2F202002281246116341.png,2,
8,최원영,https://search.pstatic.net/common?type=a&size=120x150&quality=95&direct=true&src=http%3A%2F%2Fsstatic.naver.net%2Fpeople%2Fportrait%2F201811%2F20181102114155242-6974223.jpg,2,
9,현빈,https://search.pstatic.net/common?type=a&size=120x150&quality=95&direct=true&src=http%3A%2F%2Fsstatic.naver.net%2Fpeople%2Fportrait%2F201909%2F20190909110909451-6101473.jpg,3,
10,손예진,https://search.pstatic.net/common?type=a&size=120x150&quality=95&direct=true&src=http%3A%2F%2Fsstatic.naver.net%2Fpeople%2Fportrait%2F202002%2F20200228151453288.jpg,3,
11,서지혜,https://search.pstatic.net/common?type=a&size=120x150&quality=95&direct=true&src=http%3A%2F%2Fsstatic.naver.net%2Fpeople%2Fportrait%2F201905%2F20190513181229896-4357276.png,3,
12,김정현,https://search.pstatic.net/common?type=a&size=120x150&quality=95&direct=true&src=http%3A%2F%2Fsstatic.naver.net%2Fpeople%2Fportrait%2F202003%2F20200320180253312-841391.png,3,
13,이민호,https://search.pstatic.net/common?type=a&size=120x150&quality=95&direct=true&src=http%3A%2F%2Fsstatic.naver.net%2Fpeople%2Fportrait%2F201908%2F20190806164322674.jpg,4,
14,김고은,https://search.pstatic.net/common?type=a&size=120x150&quality=95&direct=true&src=http%3A%2F%2Fsstatic.naver.net%2Fpeople%2Fportrait%2F201801%2F20180118105906522.jpg,4,
15,우도환,https://search.pstatic.net/common?type=a&size=120x150&quality=95&direct=true&src=http%3A%2F%2Fsstatic.naver.net%2Fpeople%2Fportrait%2F201807%2F20180710171417279.jpg,4,
16,정은채,https://search.pstatic.net/common?type=a&size=120x150&quality=95&direct=true&src=http%3A%2F%2Fsstatic.naver.net%2Fpeople%2Fportrait%2F201912%2F20191205122022230-4645334.jpg,4,
17,송중기,https://search.pstatic.net/common?type=a&size=120x150&quality=95&direct=true&src=http%3A%2F%2Fsstatic.naver.net%2Fpeople%2Fportrait%2F202006%2F20200619172124928.jpg,5,
18,송혜교,https://search.pstatic.net/common?type=a&size=120x150&quality=95&direct=true&src=http%3A%2F%2Fsstatic.naver.net%2Fpeople%2F154%2F20200305165405621.jpg,5,
19,진구,https://search.pstatic.net/common?type=a&size=120x150&quality=95&direct=true&src=http%3A%2F%2Fsstatic.naver.net%2Fpeople%2Fportrait%2F201604%2F20160429195531542.jpg,5,
20,김지원,https://search.pstatic.net/common?type=a&size=120x150&quality=95&direct=true&src=http%3A%2F%2Fsstatic.naver.net%2Fpeople%2Fportrait%2F201606%2F20160617153540116.jpg,5,
21,공유,https://search.pstatic.net/common?type=a&size=120x150&quality=95&direct=true&src=http%3A%2F%2Fsstatic.naver.net%2Fpeople%2F76%2F201706081735556361.jpg,6,
22,정유미,https://search.pstatic.net/common?type=a&size=120x150&quality=95&direct=true&src=http%3A%2F%2Fsstatic.naver.net%2Fpeople%2F122%2F201703151820454931.jpg,6,
23,마동석,https://search.pstatic.net/common?type=a&size=120x150&quality=95&direct=true&src=http%3A%2F%2Fsstatic.naver.net%2Fpeople%2Fportrait%2F201710%2F2017102414073587.jpg,6,
24,송강호,https://search.pstatic.net/common?type=a&size=120x150&quality=95&direct=true&src=http%3A%2F%2Fsstatic.naver.net%2Fpeople%2Fportrait%2F201909%2F20190904174245468-9122500.jpg,7,
25,변희봉,https://search.pstatic.net/common?type=a&size=120x150&quality=95&direct=true&src=http%3A%2F%2Fsstatic.naver.net%2Fpeople%2Fportrait%2F201505%2F2015051411155288.jpg,7,
26,박해일,https://search.pstatic.net/common?type=a&size=120x150&quality=95&direct=true&src=http%3A%2F%2Fsstatic.naver.net%2Fpeople%2Fportrait%2F201506%2F20150613010719340-7239341.jpg,7,
27,배두나,https://search.pstatic.net/common?type=a&size=120x150&quality=95&direct=true&src=http%3A%2F%2Fsstatic.naver.net%2Fpeople%2Fportrait%2F201904%2F20190430154004636-1290127.jpg,7,
28,고아성,https://search.pstatic.net/common?type=a&size=120x150&quality=95&direct=true&src=http%3A%2F%2Fsstatic.naver.net%2Fpeople%2Fportrait%2F202004%2F20200414101216768.jpg,7,
29,전지현,https://search.pstatic.net/common?type=a&size=120x150&quality=95&direct=true&src=http%3A%2F%2Fsstatic.naver.net%2Fpeople%2F125%2F201212262021589401.jpg,8,
30,김수현,https://search.pstatic.net/common?type=a&size=120x150&quality=95&direct=true&src=http%3A%2F%2Fsstatic.naver.net%2Fpeople%2Fportrait%2F202005%2F2020050815281743.jpg,8,
31,박해진,https://search.pstatic.net/common?type=a&size=120x150&quality=95&direct=true&src=http%3A%2F%2Fsstatic.naver.net%2Fpeople%2Fportrait%2F201910%2F20191015182527120-2855251.jpg,8,
32,유인나,https://search.pstatic.net/common?type=a&size=120x150&quality=95&direct=true&src=http%3A%2F%2Fsstatic.naver.net%2Fpeople%2Fportrait%2F201810%2F20181001163144951.jpg,8,
33,신성록,https://search.pstatic.net/common?type=a&size=120x150&quality=95&direct=true&src=http%3A%2F%2Fsstatic.naver.net%2Fpeople%2F96%2F201909061633006981.jpg,8,
34,이영애,https://search.pstatic.net/common?type=a&size=120x150&quality=95&direct=true&src=http%3A%2F%2Fsstatic.naver.net%2Fpeople%2F9%2F201403241132133701.jpg,9,
35,지진희,https://search.pstatic.net/common?type=a&size=120x150&quality=95&direct=true&src=http%3A%2F%2Fsstatic.naver.net%2Fpeople%2Fportrait%2F201712%2F20171219121342545-9554544.jpg,9,
36,박보검,https://search.pstatic.net/common?type=a&size=120x150&quality=95&direct=true&src=http%3A%2F%2Fsstatic.naver.net%2Fpeople%2Fportrait%2F201908%2F20190828135041569.jpg,10,
37,김유정,https://search.pstatic.net/common?type=a&size=120x150&quality=95&direct=true&src=http%3A%2F%2Fsstatic.naver.net%2Fpeople%2Fportrait%2F201810%2F2018100109510620.jpg,10,
38,진영,https://search.pstatic.net/common?type=a&size=120x150&quality=95&direct=true&src=http%3A%2F%2Fsstatic.naver.net%2Fpeople%2F194%2F201905241358277371.jpg,10,
39,채수빈,https://search.pstatic.net/common?type=a&size=120x150&quality=95&direct=true&src=http%3A%2F%2Fsstatic.naver.net%2Fpeople%2Fportrait%2F201903%2F20190313142428330.jpg,10,
40,박보영,https://search.pstatic.net/common?type=a&size=120x150&quality=95&direct=true&src=http%3A%2F%2Fsstatic.naver.net%2Fpeople%2F15%2F202005111648169131.jpg,11,
41,박형식,https://search.pstatic.net/common?type=a&size=120x150&quality=95&direct=true&src=http%3A%2F%2Fsstatic.naver.net%2Fpeople%2Fportrait%2F201905%2F20190521131049897-3137324.jpg,11,
42,지수,https://search.pstatic.net/common?type=a&size=120x150&quality=95&direct=true&src=http%3A%2F%2Fsstatic.naver.net%2Fpeople%2Fportrait%2F201809%2F20180921132409629.jpg,11,
43,박서준,https://search.pstatic.net/common?type=a&size=120x150&quality=95&direct=true&src=http%3A%2F%2Fsstatic.naver.net%2Fpeople%2Fportrait%2F202003%2F20200310125523968.jpg,12,
44,박민영,https://search.pstatic.net/common?type=a&size=120x150&quality=95&direct=true&src=http%3A%2F%2Fsstatic.naver.net%2Fpeople%2Fportrait%2F201901%2F20190116160236821.jpg,12,
45,이태환,https://search.pstatic.net/common?type=a&size=120x150&quality=95&direct=true&src=http%3A%2F%2Fsstatic.naver.net%2Fpeople%2Fportrait%2F202006%2F20200609104608477-3021886.jpg,12,
46,주지훈,https://search.pstatic.net/common?type=a&size=120x150&quality=95&direct=true&src=http%3A%2F%2Fsstatic.naver.net%2Fpeople%2Fportrait%2F201502%2F20150204115955124-6648994.jpg,13,
47,류승룡,https://search.pstatic.net/common?type=a&size=120x150&quality=95&direct=true&src=http%3A%2F%2Fsstatic.naver.net%2Fpeople%2Fportrait%2F201902%2F20190212162454882-3571992.jpg,13,
48,배두나,https://search.pstatic.net/common?type=a&size=120x150&quality=95&direct=true&src=http%3A%2F%2Fsstatic.naver.net%2Fpeople%2Fportrait%2F201904%2F20190430154004636-1290127.jpg,13,
49,공유,https://search.pstatic.net/common?type=a&size=120x150&quality=95&direct=true&src=http%3A%2F%2Fsstatic.naver.net%2Fpeople%2F76%2F201706081735556361.jpg,14,
50,김고은,https://search.pstatic.net/common?type=a&size=120x150&quality=95&direct=true&src=http%3A%2F%2Fsstatic.naver.net%2Fpeople%2Fportrait%2F201801%2F20180118105906522.jpg,14,
51,이동욱,https://search.pstatic.net/common?type=a&size=120x150&quality=95&direct=true&src=http%3A%2F%2Fsstatic.naver.net%2Fpeople%2Fportrait%2F201711%2F20171129135524255.jpg,14,
52,유인나,https://search.pstatic.net/common?type=a&size=120x150&quality=95&direct=true&src=http%3A%2F%2Fsstatic.naver.net%2Fpeople%2Fportrait%2F201810%2F20181001163144951.jpg,14,
53,이병헌,https://search.pstatic.net/common?type=a&size=120x150&quality=95&direct=true&src=http%3A%2F%2Fsstatic.naver.net%2Fpeople%2Fportrait%2F201810%2F201810021644077.jpg,15,
54,김태리,https://search.pstatic.net/common?type=a&size=120x150&quality=95&direct=true&src=http%3A%2F%2Fsstatic.naver.net%2Fpeople%2Fportrait%2F201805%2F20180529182619381.jpg,15,
55,유연석,https://search.pstatic.net/common?type=a&size=120x150&quality=95&direct=true&src=http%3A%2F%2Fsstatic.naver.net%2Fpeople%2Fportrait%2F201703%2F20170303161717148.jpg,15,
56,김민정,https://search.pstatic.net/common?type=a&size=120x150&quality=95&direct=true&src=http%3A%2F%2Fsstatic.naver.net%2Fpeople%2Fportrait%2F201504%2F20150403163403864-8007929.jpg,15,
57,변요한,https://search.pstatic.net/common?type=a&size=120x150&quality=95&direct=true&src=http%3A%2F%2Fsstatic.naver.net%2Fpeople%2Fportrait%2F201606%2F20160608133633703.jpg,15,
