id,group_name,group_img
1,방탄소년단,https://search.pstatic.net/common?type=a&size=225x150&quality=95&direct=true&src=http%3A%2F%2Fsstatic.naver.net%2Fpeople%2FportraitGroup%2F202002%2F20200213001842528.jpg
2,EXO,https://search.pstatic.net/common?type=a&size=225x150&quality=95&direct=true&src=http%3A%2F%2Fsstatic.naver.net%2Fpeople%2FportraitGroup%2F201911%2F20191127173646861-1951424.jpg
3,트와이스,https://search.pstatic.net/common?type=a&size=120x150&quality=95&direct=true&src=http%3A%2F%2Fsstatic.naver.net%2Fpeople%2Fportrait%2F202005%2F20200523000624299.jpg
4,블랙핑크,https://search.pstatic.net/common?type=a&size=225x150&quality=95&direct=true&src=http%3A%2F%2Fsstatic.naver.net%2Fpeople%2FportraitGroup%2F202006%2F20200624111405398.jpg
5,스트레이키즈,https://search.pstatic.net/common?type=a&size=225x150&quality=95&direct=true&src=http%3A%2F%2Fsstatic.naver.net%2Fpeople%2FportraitGroup%2F202006%2F20200613002313210-4560125.jpg
6,몬스터엑스,https://search.pstatic.net/common?type=a&size=225x150&quality=95&direct=true&src=http%3A%2F%2Fsstatic.naver.net%2Fpeople%2FportraitGroup%2F202005%2F2020050418241679.jpg
7,NCT,https://ssl.pstatic.net/sstatic/search/img/ico_help.gif
8,GOT7,https://search.pstatic.net/common?type=a&size=225x150&quality=95&direct=true&src=http%3A%2F%2Fsstatic.naver.net%2Fpeople%2FportraitGroup%2F202004%2F20200416133953731.jpg
9,세븐틴,https://search.pstatic.net/common?type=a&size=225x150&quality=95&direct=true&src=http%3A%2F%2Fsstatic.naver.net%2Fpeople%2FportraitGroup%2F202006%2F20200618173942691.jpg
