id,showman_name,showman_img,show_cd,spot_cd
1,유재석,https://search.pstatic.net/common?type=a&size=120x150&quality=95&direct=true&src=http%3A%2F%2Fsstatic.naver.net%2Fpeople%2Fportrait%2F201808%2F20180828141741978.jpg,1,
2,지석진,https://search.pstatic.net/common?type=a&size=120x150&quality=95&direct=true&src=http%3A%2F%2Fsstatic.naver.net%2Fpeople%2Fportrait%2F201405%2F20140527032611559-3855476.jpg,1,
3,김종국,https://search.pstatic.net/common?type=a&size=120x150&quality=95&direct=true&src=http%3A%2F%2Fsstatic.naver.net%2Fpeople%2F9%2F201810231620057741.jpg,1,
4,전소민,https://search.pstatic.net/common?type=a&size=120x150&quality=95&direct=true&src=http%3A%2F%2Fsstatic.naver.net%2Fpeople%2Fportrait%2F202006%2F20200615172304450.jpg,1,
5,송지효,https://search.pstatic.net/common?type=a&size=120x150&quality=95&direct=true&src=http%3A%2F%2Fsstatic.naver.net%2Fpeople%2F43%2F201703231221349501.jpg,1,
6,이광수,https://search.pstatic.net/common?type=a&size=120x150&quality=95&direct=true&src=http%3A%2F%2Fsstatic.naver.net%2Fpeople%2Fportrait%2F202001%2F20200128161137357.jpg,1,
7,하하,https://search.pstatic.net/common?type=a&size=120x150&quality=95&direct=true&src=http%3A%2F%2Fsstatic.naver.net%2Fpeople%2Fportrait%2F201603%2F20160317145311409.jpg,1,
8,양세찬,https://search.pstatic.net/common?type=a&size=120x150&quality=95&direct=true&src=http%3A%2F%2Fsstatic.naver.net%2Fpeople%2F116%2F201612061521579731.jpg,1,
9,강호동,https://search.pstatic.net/common?type=a&size=120x150&quality=95&direct=true&src=http%3A%2F%2Fsstatic.naver.net%2Fpeople%2Fportrait%2F201304%2F20130403113314207.jpg,2,
10,서장훈,https://search.pstatic.net/common?type=a&size=120x150&quality=95&direct=true&src=http%3A%2F%2Fsstatic.naver.net%2Fpeople%2Fportrait%2F201903%2F20190318150734143-5202323.jpg,2,
11,김영철,https://search.pstatic.net/common?type=ofullfill&size=120x150&quality=95&direct=true&src=http%3A%2F%2Fsstatic.naver.net%2Fpeople%2Fportrait%2F201902%2F20190225152700189-8074365.jpg,2,
12,이수근,https://search.pstatic.net/common?type=a&size=120x150&quality=95&direct=true&src=http%3A%2F%2Fsstatic.naver.net%2Fpeople%2Fportrait%2F201303%2F20130326184108498.jpg,2,
13,김희철,https://search.pstatic.net/common?type=a&size=120x150&quality=95&direct=true&src=http%3A%2F%2Fsstatic.naver.net%2Fpeople%2Fportrait%2F201910%2F20191008190337372-8921199.jpg,2,
14,민경훈,https://search.pstatic.net/common?type=a&size=120x150&quality=95&direct=true&src=http%3A%2F%2Fsstatic.naver.net%2Fpeople%2Fportrait%2F201812%2F20181213125522469.jpg,2,
15,이상민,https://search.pstatic.net/common?type=a&size=120x150&quality=95&direct=true&src=http%3A%2F%2Fsstatic.naver.net%2Fpeople%2F81%2F202006081033464461.jpg,2,
16,연정훈,https://search.pstatic.net/common?type=a&size=120x150&quality=95&direct=true&src=http%3A%2F%2Fsstatic.naver.net%2Fpeople%2Fportrait%2F201607%2F20160728181351124.jpg,3,
17,김종민,https://search.pstatic.net/common?type=a&size=120x150&quality=95&direct=true&src=http%3A%2F%2Fsstatic.naver.net%2Fpeople%2Fportrait%2F202002%2F20200226154212691-7048983.jpg,3,
18,문세윤,https://search.pstatic.net/common?type=a&size=120x150&quality=95&direct=true&src=http%3A%2F%2Fsstatic.naver.net%2Fpeople%2F12%2F201601181511589671.jpg,3,
19,김선호,https://search.pstatic.net/common?type=a&size=120x150&quality=95&direct=true&src=http%3A%2F%2Fsstatic.naver.net%2Fpeople%2Fportrait%2F201902%2F20190228164043628.jpg,3,
20,딘딘,https://search.pstatic.net/common?type=a&size=120x150&quality=95&direct=true&src=http%3A%2F%2Fsstatic.naver.net%2Fpeople%2Fportrait%2F201912%2F2019121718470322.jpg,3,
21,라비,https://search.pstatic.net/common?type=a&size=120x150&quality=95&direct=true&src=http%3A%2F%2Fsstatic.naver.net%2Fpeople%2Fportrait%2F202003%2F20200330144452315.jpg,3,
22,이승기,https://search.pstatic.net/common?type=a&size=120x150&quality=95&direct=true&src=http%3A%2F%2Fsstatic.naver.net%2Fpeople%2F157%2F202005111349228681.png,4,
23,양세형,https://search.pstatic.net/common?type=a&size=120x150&quality=95&direct=true&src=http%3A%2F%2Fsstatic.naver.net%2Fpeople%2F136%2F201804101510159261.jpg,4,
24,신성록,https://search.pstatic.net/common?type=a&size=120x150&quality=95&direct=true&src=http%3A%2F%2Fsstatic.naver.net%2Fpeople%2F96%2F201909061633006981.jpg,4,
25,차은우,https://search.pstatic.net/common?type=a&size=120x150&quality=95&direct=true&src=http%3A%2F%2Fsstatic.naver.net%2Fpeople%2Fportrait%2F202004%2F20200424182024679.jpg,4,
26,김동현,https://search.pstatic.net/common?type=ofullfill&size=120x150&quality=95&direct=true&src=http%3A%2F%2Fsstatic.naver.net%2Fpeople%2F36%2F20070202033619198032462.jpg,4,
27,이효리,https://search.pstatic.net/common?type=a&size=120x150&quality=95&direct=true&src=http%3A%2F%2Fsstatic.naver.net%2Fpeople%2Fportrait%2F201706%2F20170629221900441.jpg,5,
28,이상순,https://search.pstatic.net/common?type=a&size=120x150&quality=95&direct=true&src=http%3A%2F%2Fsstatic.naver.net%2Fpeople%2F47%2F201010111225464891.jpg,5,
29,아이유,https://search.pstatic.net/common?type=a&size=120x150&quality=95&direct=true&src=http%3A%2F%2Fsstatic.naver.net%2Fpeople%2Fportrait%2F202004%2F20200423174808385.jpg,5,
30,윤아,https://search.pstatic.net/common?type=a&size=120x150&quality=95&direct=true&src=http%3A%2F%2Fsstatic.naver.net%2Fpeople%2F194%2F201907231415037441.jpg,5,
31,이종혁,https://search.pstatic.net/common?type=a&size=120x150&quality=95&direct=true&src=http%3A%2F%2Fsstatic.naver.net%2Fpeople%2Fportrait%2F201607%2F20160722151829594-2334522.jpg,6,
32,성동일,https://search.pstatic.net/common?type=a&size=120x150&quality=95&direct=true&src=http%3A%2F%2Fsstatic.naver.net%2Fpeople%2F84%2F200803031339272621.jpg,6,
33,김성주,https://search.pstatic.net/common?type=a&size=120x150&quality=95&direct=true&src=http%3A%2F%2Fsstatic.naver.net%2Fpeople%2Fportrait%2F202003%2F20200309112455546-8268573.jpg,6,
34,윤민수,https://search.pstatic.net/common?type=a&size=120x150&quality=95&direct=true&src=http%3A%2F%2Fsstatic.naver.net%2Fpeople%2Fportrait%2F201810%2F20181009181326877.jpg,6,
35,류진,https://search.pstatic.net/common?type=ofullfill&size=120x150&quality=95&direct=true&src=http%3A%2F%2Fsstatic.naver.net%2Fpeople%2Fportrait%2F202003%2F20200301145436259.jpg,6,
36,안정환,https://search.pstatic.net/common?type=a&size=120x150&quality=95&direct=true&src=http%3A%2F%2Fsstatic.naver.net%2Fpeople%2Fportrait%2F201704%2F20170423074230942-1537167.jpg,6,
37,정웅인,https://search.pstatic.net/common?type=a&size=120x150&quality=95&direct=true&src=http%3A%2F%2Fsstatic.naver.net%2Fpeople%2F123%2F201801031124419501.jpg,6,
38,성빈,https://search.pstatic.net/common?type=a&size=120x150&quality=95&direct=true&src=http%3A%2F%2Fsstatic.naver.net%2Fpeople%2Fportrait%2F202003%2F20200328220217556.jpg,6,
39,김민율,https://search.pstatic.net/common/?src=https%3A%2F%2Fimgnews.pstatic.net%2Fimage%2Forigin%2F076%2F2020%2F03%2F08%2F3539450.jpg&type=ofullfill80_80_q75_re2,6,
40,윤후,https://search.pstatic.net/common?type=a&size=120x150&quality=95&direct=true&src=http%3A%2F%2Fsstatic.naver.net%2Fpeople%2F63%2F201808011515097331.jpg,6,
41,임찬형,https://search.pstatic.net/common?type=a&size=120x150&quality=95&direct=true&src=http%3A%2F%2Fsstatic.naver.net%2Fpeople%2F128%2F201408051658463321.jpg,6,
42,안리환,https://search.pstatic.net/common/?src=http%3A%2F%2Fblogfiles.naver.net%2FMjAxOTA2MThfMTc4%2FMDAxNTYwODY1NDEyMDY0.e54qrYHVIfp8a6SJH0IimGorQ7wk6dqBuzyfrdGcfnsg.P1Y7f_OLzTZOUqtP14q_X-eQXisYbEdEuLrsNqQYk18g.JPEG.vallettamall%2F%25C3%25E0%25B1%25B8%25BC%25B1%25BC%25F6_%25C3%25E2%25BD%25C5_%25BE%25C8%25C1%25A4%25C8%25AF%25C0%25C7_%25BE%25C6%25B5%25E9_%25BE%25C8%25B8%25AE%25C8%25AF_%25B1%25BA%25C0%25C7_%2527%25C6%25F8%25C7%25B3_%25BC%25BA%25C0%25E5%2527_%25B1%25D9%25C8%25B2%25C0%25CC_%25B0%25F8%25B0%25B3.jpg%232025x2512&type=n82_82,6,
43,정세윤,https://search.pstatic.net/common?type=a&size=120x150&quality=95&direct=true&src=http%3A%2F%2Fsstatic.naver.net%2Fpeople%2F124%2F20080814105426921.jpg,6,
44,이준수,https://search.pstatic.net/common?type=a&size=120x150&quality=95&direct=true&src=http%3A%2F%2Fsstatic.naver.net%2Fpeople%2F35%2F202005221605475611.png,6,
45,유재석,https://search.pstatic.net/common?type=a&size=120x150&quality=95&direct=true&src=http%3A%2F%2Fsstatic.naver.net%2Fpeople%2Fportrait%2F201808%2F20180828141741978.jpg,7,
46,정준하,https://search.pstatic.net/common?type=a&size=120x150&quality=95&direct=true&src=http%3A%2F%2Fsstatic.naver.net%2Fpeople%2Fportrait%2F201805%2F20180528113436414.jpg,7,
47,박명수,https://search.pstatic.net/common?type=a&size=120x150&quality=95&direct=true&src=http%3A%2F%2Fsstatic.naver.net%2Fpeople%2F123%2F201403051702331631.jpg,7,
48,노홍철,https://search.pstatic.net/common?type=a&size=120x150&quality=95&direct=true&src=http%3A%2F%2Fsstatic.naver.net%2Fpeople%2F190%2F201607181718224321.jpg,7,
49,정형돈,https://search.pstatic.net/common?type=a&size=120x150&quality=95&direct=true&src=http%3A%2F%2Fsstatic.naver.net%2Fpeople%2F154%2F201702141047389601.jpg,7,
50,길,https://search.pstatic.net/common?type=a&size=120x150&quality=95&direct=true&src=http%3A%2F%2Fsstatic.naver.net%2Fpeople%2Fportrait%2F201511%2F20151123101424440-8280250.jpg,7,
51,하하,https://search.pstatic.net/common?type=a&size=120x150&quality=95&direct=true&src=http%3A%2F%2Fsstatic.naver.net%2Fpeople%2Fportrait%2F201603%2F20160317145311409.jpg,7,
52,황광희,https://search.pstatic.net/common?type=a&size=120x150&quality=95&direct=true&src=http%3A%2F%2Fsstatic.naver.net%2Fpeople%2Fportrait%2F201903%2F20190313140426826-3144583.png,7,
53,유재석,https://search.pstatic.net/common?type=a&size=120x150&quality=95&direct=true&src=http%3A%2F%2Fsstatic.naver.net%2Fpeople%2Fportrait%2F201808%2F20180828141741978.jpg,8,
54,이효리,https://search.pstatic.net/common?type=a&size=120x150&quality=95&direct=true&src=http%3A%2F%2Fsstatic.naver.net%2Fpeople%2Fportrait%2F201706%2F20170629221900441.jpg,8,
55,김종국,https://search.pstatic.net/common?type=a&size=120x150&quality=95&direct=true&src=http%3A%2F%2Fsstatic.naver.net%2Fpeople%2F9%2F201810231620057741.jpg,8,
56,김수로,https://search.pstatic.net/common?type=a&size=120x150&quality=95&direct=true&src=http%3A%2F%2Fsstatic.naver.net%2Fpeople%2Fportrait%2F201304%2F20130418111400505-2944279.jpg,8,
57,이천희,https://search.pstatic.net/common?type=a&size=120x150&quality=95&direct=true&src=http%3A%2F%2Fsstatic.naver.net%2Fpeople%2F98%2F201008041749249811.bmp,8,
58,윤종신,https://search.pstatic.net/common?type=a&size=120x150&quality=95&direct=true&src=http%3A%2F%2Fsstatic.naver.net%2Fpeople%2Fportrait%2F201206%2F20120607190418881-1649901.jpg,8,
59,대성,https://search.pstatic.net/common?type=a&size=120x150&quality=95&direct=true&src=http%3A%2F%2Fsstatic.naver.net%2Fpeople%2F34%2F201612152120001581.jpg,8,
60,박해진,https://search.pstatic.net/common?type=a&size=120x150&quality=95&direct=true&src=http%3A%2F%2Fsstatic.naver.net%2Fpeople%2Fportrait%2F201910%2F20191015182527120-2855251.jpg,8,
61,박예진,https://search.pstatic.net/common?type=a&size=120x150&quality=95&direct=true&src=http%3A%2F%2Fsstatic.naver.net%2Fpeople%2Fportrait%2F202001%2F20200113130618341.jpg,8,
62,박시연,https://search.pstatic.net/common?type=a&size=120x150&quality=95&direct=true&src=http%3A%2F%2Fsstatic.naver.net%2Fpeople%2Fportrait%2F201803%2F20180314171615926.png,8,
63,도경완,https://search.pstatic.net/common?type=a&size=120x150&quality=95&direct=true&src=http%3A%2F%2Fsstatic.naver.net%2Fpeople%2F187%2F201406201102041811.jpg,9,
64,이미도,https://search.pstatic.net/common?type=a&size=120x150&quality=95&direct=true&src=http%3A%2F%2Fsstatic.naver.net%2Fpeople%2F98%2F201910301159376231.jpg,9,
65,샘 해밍턴,https://search.pstatic.net/common?type=a&size=120x150&quality=95&direct=true&src=http%3A%2F%2Fsstatic.naver.net%2Fpeople%2Fportrait%2F201310%2F20131011160928860.jpg,9,
66,윌리엄,https://search.pstatic.net/common/?src=https%3A%2F%2Fimgnews.pstatic.net%2Fimage%2Forigin%2F077%2F2020%2F07%2F23%2F4876174.jpg&type=ofullfill80_80_q75_re2,9,
67,벤틀리,https://ssl.pstatic.net/sstatic/search/2015/ico_translate.gif,9,
68,박주호,https://search.pstatic.net/common?type=a&size=120x150&quality=95&direct=true&src=http%3A%2F%2Fsstatic.naver.net%2Fpeople%2F124%2F202004271654546921.png,9,
69,박나은,https://search.pstatic.net/common?type=a&size=120x150&quality=95&direct=true&src=http%3A%2F%2Fsstatic.naver.net%2Fpeople%2F24%2F201904101657201121.jpg,9,
70,박건후,https://search.pstatic.net/common?type=a&size=120x150&quality=95&direct=true&src=http%3A%2F%2Fsstatic.naver.net%2Fpeople%2Fportrait%2F201011%2F20101111210217841-7267622.jpg,9,
71,문희준,https://search.pstatic.net/common?type=a&size=120x150&quality=95&direct=true&src=http%3A%2F%2Fsstatic.naver.net%2Fpeople%2F163%2F201803061120094631.jpg,9,
72,문희율,https://search.pstatic.net/common/?src=http%3A%2F%2Fcafefiles.naver.net%2FMjAyMDA1MTVfNjkg%2FMDAxNTg5NTM4MjQ1OTQ1.H9IJhyhy2Qjq9-ZUxAgEqFYEd-odAC5FPbmfD5bj6OMg.I4ZV8wMER98w0zXu3VJzBZwUUpEeSs4lQeHL8PVRcQIg.JPEG%2FexternalFile.jpg%23960x1200&type=n82_82,9,
73,홍경민,https://search.pstatic.net/common?type=a&size=120x150&quality=95&direct=true&src=http%3A%2F%2Fsstatic.naver.net%2Fpeople%2F164%2F201210181758579931.jpg,9,
74,홍라원,https://search.pstatic.net/common/?src=https%3A%2F%2Fimgnews.pstatic.net%2Fimage%2Forigin%2F112%2F2020%2F07%2F08%2F3318066.jpg&type=ofullfill80_80_q75_re2,9,
75,홍라임,,9,
76,강개리,https://search.pstatic.net/common?type=a&size=120x150&quality=95&direct=true&src=http%3A%2F%2Fsstatic.naver.net%2Fpeople%2Fportrait%2F201509%2F20150924195930355-2835001.jpg,9,
77,강하오,,9,
78,도연우,,9,
79,도하영,,9,
