id,singer_name,singer_img
1,RM,https://search.pstatic.net/common?type=a&size=120x150&quality=95&direct=true&src=http%3A%2F%2Fsstatic.naver.net%2Fpeople%2Fportrait%2F202002%2F20200213001821441.jpg
2,진,https://search.pstatic.net/common?type=a&size=120x150&quality=95&direct=true&src=http%3A%2F%2Fsstatic.naver.net%2Fpeople%2Fportrait%2F202002%2F2020021300221467.jpg
3,슈가,https://search.pstatic.net/common?type=ofullfill&size=120x150&quality=95&direct=true&src=http%3A%2F%2Fsstatic.naver.net%2Fpeople%2Fportrait%2F202002%2F20200213002400137.jpg
4,제이홉,https://search.pstatic.net/common?type=a&size=120x150&quality=95&direct=true&src=http%3A%2F%2Fsstatic.naver.net%2Fpeople%2Fportrait%2F202002%2F20200213002010368.jpg
5,지민,https://search.pstatic.net/common?type=a&size=120x150&quality=95&direct=true&src=http%3A%2F%2Fsstatic.naver.net%2Fpeople%2Fportrait%2F201911%2F20191122170802439.jpg
6,뷔,https://search.pstatic.net/common?type=a&size=120x150&quality=95&direct=true&src=http%3A%2F%2Fsstatic.naver.net%2Fpeople%2Fportrait%2F202002%2F20200213001903154.jpg
7,정국,https://search.pstatic.net/common?type=a&size=120x150&quality=95&direct=true&src=http%3A%2F%2Fsstatic.naver.net%2Fpeople%2Fportrait%2F202002%2F20200213001951235.jpg
8,수호,https://search.pstatic.net/common?type=a&size=120x150&quality=95&direct=true&src=http%3A%2F%2Fsstatic.naver.net%2Fpeople%2Fportrait%2F202003%2F20200330122959610-4630573.jpg
9,찬열,https://search.pstatic.net/common?type=a&size=120x150&quality=95&direct=true&src=http%3A%2F%2Fsstatic.naver.net%2Fpeople%2F10%2F20200715142313741.jpg
10,카이,https://searchad-phinf.pstatic.net/MjAyMDA2MjJfMjYx/MDAxNTkyNzk4NTI3NDMy.wbuHd9RwAGnt-hC6IdRJyhaTyoQckSPhwabNJ83rcaAg.Skj6ZDYPnufLPYo-Atbkb28YK7dTtqqRyxGkOXT8LSQg.PNG/1752849-1cde389b-2271-42fd-851b-43e4a830d468.png?type=f120_120
11,디오,https://search.pstatic.net/common?type=a&size=120x150&quality=95&direct=true&src=http%3A%2F%2Fsstatic.naver.net%2Fpeople%2Fportrait%2F201812%2F20181212164909341-2147755.jpg
12,백현,https://search.pstatic.net/common?type=a&size=120x150&quality=95&direct=true&src=http%3A%2F%2Fsstatic.naver.net%2Fpeople%2Fportrait%2F202005%2F20200525115136732-1850612.jpg
13,세훈,https://search.pstatic.net/common?type=a&size=120x150&quality=95&direct=true&src=http%3A%2F%2Fsstatic.naver.net%2Fpeople%2F79%2F202007151421098221.jpg
14,시우민,https://search.pstatic.net/common?type=a&size=120x150&quality=95&direct=true&src=http%3A%2F%2Fsstatic.naver.net%2Fpeople%2F74%2F201812131203275581.jpg
15,첸,https://search.pstatic.net/common?type=a&size=120x150&quality=95&direct=true&src=http%3A%2F%2Fsstatic.naver.net%2Fpeople%2F178%2F201911281350507371.jpg
16,레이,https://searchad-phinf.pstatic.net/MjAxOTA3MTlfMjg3/MDAxNTYzNTE0NjU4NDg3.VHmaJYdP-egz6AOJRM_6zhRZyYZz49SONoYdz0nX-D8g.4K0PudhCTyDDgix3qWqAzk8vc-_uwN-jjYL5QuItDfkg.PNG/918125-3ee28c07-66db-4efc-9498-9d25efda177f.png?type=f120_120
17,나연,https://search.pstatic.net/common?type=a&size=120x150&quality=95&direct=true&src=http%3A%2F%2Fsstatic.naver.net%2Fpeople%2Fportrait%2F202005%2F20200514120705603.jpg
18,정연,https://search.pstatic.net/common?type=a&size=120x150&quality=95&direct=true&src=http%3A%2F%2Fsstatic.naver.net%2Fpeople%2Fportrait%2F202005%2F20200522135758136.jpg
19,모모,https://search.pstatic.net/common?type=a&size=120x150&quality=95&direct=true&src=http%3A%2F%2Fsstatic.naver.net%2Fpeople%2Fportrait%2F202005%2F20200521123439966.jpg
20,사나,https://search.pstatic.net/common?type=a&size=120x150&quality=95&direct=true&src=http%3A%2F%2Fsstatic.naver.net%2Fpeople%2Fportrait%2F202005%2F20200517141605521.jpg
21,지효,https://search.pstatic.net/common?type=a&size=120x150&quality=95&direct=true&src=http%3A%2F%2Fsstatic.naver.net%2Fpeople%2Fportrait%2F202005%2F20200518120548261.jpg
22,미나,https://search.pstatic.net/common?type=a&size=120x150&quality=95&direct=true&src=http%3A%2F%2Fsstatic.naver.net%2Fpeople%2F196%2F2019040110342401.jpg
23,다현,https://search.pstatic.net/common?type=a&size=120x150&quality=95&direct=true&src=http%3A%2F%2Fsstatic.naver.net%2Fpeople%2Fportrait%2F202005%2F20200519122636758.jpg
24,채영,https://search.pstatic.net/common?type=a&size=120x150&quality=95&direct=true&src=http%3A%2F%2Fsstatic.naver.net%2Fpeople%2Fportrait%2F202005%2F20200518161041920.jpg
25,쯔위,https://search.pstatic.net/common?type=a&size=120x150&quality=95&direct=true&src=http%3A%2F%2Fsstatic.naver.net%2Fpeople%2Fportrait%2F202005%2F2020051612582672.jpg
26,지수,https://search.pstatic.net/common?type=a&size=120x150&quality=95&direct=true&src=http%3A%2F%2Fsstatic.naver.net%2Fpeople%2Fportrait%2F201809%2F20180921132409629.jpg
27,제니,https://search.pstatic.net/common?type=a&size=120x150&quality=95&direct=true&src=http%3A%2F%2Fsstatic.naver.net%2Fpeople%2Fportrait%2F202006%2F20200624111936931.jpg
28,로제,https://search.pstatic.net/common?type=a&size=120x150&quality=95&direct=true&src=http%3A%2F%2Fsstatic.naver.net%2Fpeople%2Fportrait%2F202006%2F20200624111623994.jpg
29,리사,https://search.pstatic.net/common?type=ofullfill&size=120x150&quality=95&direct=true&src=http%3A%2F%2Fsstatic.naver.net%2Fpeople%2Fportrait%2F202006%2F20200624111825387.jpg
30,방찬,https://search.pstatic.net/common?type=a&size=120x150&quality=95&direct=true&src=http%3A%2F%2Fsstatic.naver.net%2Fpeople%2Fportrait%2F202006%2F20200613002409495-4745399.jpg
31,리노,https://searchad-phinf.pstatic.net/MjAxOTA3MTFfMTIy/MDAxNTYyODE0MDMyOTU2.E-jj2GmH50HEO7qRRf613bRchtOOW0iJaeftaTWoY5og.26Jkmuw1XtDz9sJ2bHQEz61FV8haEJoZEpLI-dkJYJEg.PNG/305500-773d96b8-55ef-49a3-9df3-ff03a47a60c6.png?type=f120_120
32,창빈,https://search.pstatic.net/common?type=a&size=120x150&quality=95&direct=true&src=http%3A%2F%2Fsstatic.naver.net%2Fpeople%2Fportrait%2F202006%2F20200613002503803-9842855.jpg
33,현진,https://search.pstatic.net/common?type=a&size=120x150&quality=95&direct=true&src=http%3A%2F%2Fsstatic.naver.net%2Fpeople%2Fportrait%2F202006%2F20200613002537963-2172684.jpg
34,한,https://ssl.pstatic.net/sstatic/search/dic/loading_s.gif
35,필릭스,https://ssl.pstatic.net/sstatic/search/2015/ico_translate.gif
36,승민,https://search.pstatic.net/common?type=a&size=120x150&quality=95&direct=true&src=http%3A%2F%2Fsstatic.naver.net%2Fpeople%2Fportrait%2F202006%2F20200613002650138-4623954.jpg
37,아이엔,https://search.pstatic.net/common?type=a&size=120x150&quality=95&direct=true&src=http%3A%2F%2Fsstatic.naver.net%2Fpeople%2Fportrait%2F202006%2F20200613002712683-3379055.jpg
38,셔누,https://search.pstatic.net/common?type=a&size=120x150&quality=95&direct=true&src=http%3A%2F%2Fsstatic.naver.net%2Fpeople%2Fportrait%2F202005%2F20200504182955207.jpg
39,민혁,https://search.pstatic.net/common?type=a&size=120x150&quality=95&direct=true&src=http%3A%2F%2Fsstatic.naver.net%2Fpeople%2Fportrait%2F202005%2F2020050418293280.jpg
40,기현,https://search.pstatic.net/common?type=a&size=120x150&quality=95&direct=true&src=http%3A%2F%2Fsstatic.naver.net%2Fpeople%2Fportrait%2F202005%2F20200504182848374.jpg
41,형원,https://search.pstatic.net/common?type=a&size=120x150&quality=95&direct=true&src=http%3A%2F%2Fsstatic.naver.net%2Fpeople%2Fportrait%2F202005%2F20200504183111719.jpg
42,주헌,https://search.pstatic.net/common?type=a&size=120x150&quality=95&direct=true&src=http%3A%2F%2Fsstatic.naver.net%2Fpeople%2Fportrait%2F202005%2F20200504183051478.jpg
43,아이엠,https://searchad-phinf.pstatic.net/MjAyMDA3MDhfMTIg/MDAxNTk0MTk4MDE4NTI1.ZDxmOqKHM7LBa-qL9Iqwi_mxwWnS2--xr4JuAqZ0p-kg.KNzUzZDOBHLKWzjuuvu4MpIxk9S1ge6iWUDypw9jNmwg.PNG/1900407-334677b8-59dd-49a1-b214-5cdc56c8607e.png?type=f120_120
44,태일,https://search.pstatic.net/common?type=ofullfill&size=120x150&quality=95&direct=true&src=http%3A%2F%2Fsstatic.naver.net%2Fpeople%2Fportrait%2F201801%2F20180109124850961-7974992.jpg
45,쟈니,https://search.pstatic.net/common?type=a&size=120x150&quality=95&direct=true&src=http%3A%2F%2Fsstatic.naver.net%2Fpeople%2F176%2F202005192010171331.jpg
46,태용,https://search.pstatic.net/common?type=a&size=120x150&quality=95&direct=true&src=http%3A%2F%2Fsstatic.naver.net%2Fpeople%2F74%2F202005192011342671.jpg
47,유타,https://search.pstatic.net/common?type=a&size=120x150&quality=95&direct=true&src=http%3A%2F%2Fsstatic.naver.net%2Fpeople%2F177%2F202005192009001401.jpg
48,도영,https://search.pstatic.net/common?type=a&size=120x150&quality=95&direct=true&src=http%3A%2F%2Fsstatic.naver.net%2Fpeople%2F186%2F202005192002572301.jpg
49,텐,https://search.pstatic.net/common?type=a&size=120x150&quality=95&direct=true&src=http%3A%2F%2Fsstatic.naver.net%2Fpeople%2Fportrait%2F202006%2F20200609151003593-2937125.jpg
50,윈윈,https://search.pstatic.net/common?type=a&size=120x150&quality=95&direct=true&src=http%3A%2F%2Fsstatic.naver.net%2Fpeople%2Fportrait%2F202006%2F20200609150935591-657755.jpg
51,마크,https://searchad-phinf.pstatic.net/MjAxNzEyMjdfNTUg/MDAxNTE0MzM4MzgxMDIw.9Sq-3vwzO3ujZaY06nvgNncasEQz4ODw7MPoa3bbl5Mg.R-OiBYz9OIpdZXv039LilbLNL6OWQ7u0eN2xF0i4E2kg.JPEG/631318-08ead054-6c22-49f3-a171-9858fefb461f.jpg?type=f120_120
52,런쥔,https://search.pstatic.net/common?type=a&size=120x150&quality=95&direct=true&src=http%3A%2F%2Fsstatic.naver.net%2Fpeople%2F194%2F202005061446213991.jpg
53,제노,https://search.pstatic.net/common?type=a&size=120x150&quality=95&direct=true&src=http%3A%2F%2Fsstatic.naver.net%2Fpeople%2F77%2F202005061448449331.jpg
54,해찬,https://search.pstatic.net/common?type=a&size=120x150&quality=95&direct=true&src=http%3A%2F%2Fsstatic.naver.net%2Fpeople%2F8%2F202005192012492291.jpg
55,재민,https://search.pstatic.net/common?type=a&size=120x150&quality=95&direct=true&src=http%3A%2F%2Fsstatic.naver.net%2Fpeople%2F170%2F202005061447406451.jpg
56,천러,https://search.pstatic.net/common?type=a&size=120x150&quality=95&direct=true&src=http%3A%2F%2Fsstatic.naver.net%2Fpeople%2F192%2F202005061450468421.jpg
57,지성,https://search.pstatic.net/common?type=a&size=120x150&quality=95&direct=true&src=http%3A%2F%2Fsstatic.naver.net%2Fpeople%2F5%2F201308061746201891.jpg
58,루카스,https://searchad-phinf.pstatic.net/MjAyMDA2MTBfMzIg/MDAxNTkxNzU1NjA0ODA5.faw-Wl4eoflqp5MiphCxiRxJX6KY8OQywkyAi_JbFacg.nfVJXO5Ms3ao7ENQIijHaoNOYPs32P-E8Lo2rUziJU0g.PNG/1869344-ca50b56e-5b00-4a80-9042-05479f56cfd6.png?type=f120_120
59,정우,https://search.pstatic.net/common?type=a&size=120x150&quality=95&direct=true&src=http%3A%2F%2Fsstatic.naver.net%2Fpeople%2Fportrait%2F201509%2F20150916150919533.jpg
60,쿤,https://search.pstatic.net/common?type=a&size=120x150&quality=95&direct=true&src=http%3A%2F%2Fsstatic.naver.net%2Fpeople%2Fportrait%2F202006%2F20200609150746724-7150918.jpg
61,JB,https://search.pstatic.net/common?type=a&size=120x150&quality=95&direct=true&src=http%3A%2F%2Fsstatic.naver.net%2Fpeople%2Fportrait%2F202004%2F20200416134200475.jpg
62,마크,https://searchad-phinf.pstatic.net/MjAxNzEyMjdfNTUg/MDAxNTE0MzM4MzgxMDIw.9Sq-3vwzO3ujZaY06nvgNncasEQz4ODw7MPoa3bbl5Mg.R-OiBYz9OIpdZXv039LilbLNL6OWQ7u0eN2xF0i4E2kg.JPEG/631318-08ead054-6c22-49f3-a171-9858fefb461f.jpg?type=f120_120
63,잭슨,https://search.pstatic.net/common?type=a&size=120x150&quality=95&direct=true&src=http%3A%2F%2Fsstatic.naver.net%2Fpeople%2Fportrait%2F202004%2F20200416134844415.jpg
64,진영,https://search.pstatic.net/common?type=a&size=120x150&quality=95&direct=true&src=http%3A%2F%2Fsstatic.naver.net%2Fpeople%2F194%2F201905241358277371.jpg
65,영쟈,https://search.pstatic.net/common/?src=http%3A%2F%2Fblogfiles.naver.net%2FMjAxNzA4MThfMTQ4%2FMDAxNTAyOTg3NDQ3ODg0.phI_PjUUh0aqHbC4UFVYYp9GHQNM2yqF2wnHDp4B5AQg.TvMy5WFVgUMjcgIdjXzPWtLE_A-rHT4MFnVX3rVoIT8g.JPEG.sabbi553%2FKakaoTalk_20170817_185556426.jpg%23400x533&type=n82_82
66,뱀뱀,https://search.pstatic.net/common?type=a&size=120x150&quality=95&direct=true&src=http%3A%2F%2Fsstatic.naver.net%2Fpeople%2Fportrait%2F202004%2F20200416134502931.jpg
67,유겸,https://search.pstatic.net/common?type=a&size=120x150&quality=95&direct=true&src=http%3A%2F%2Fsstatic.naver.net%2Fpeople%2Fportrait%2F202004%2F20200416134709682.jpg
68,에스쿱스,https://search.pstatic.net/common?type=a&size=120x150&quality=95&direct=true&src=http%3A%2F%2Fsstatic.naver.net%2Fpeople%2Fportrait%2F202006%2F20200618170838231.jpg
69,정한,https://search.pstatic.net/common?type=a&size=120x150&quality=95&direct=true&src=http%3A%2F%2Fsstatic.naver.net%2Fpeople%2Fportrait%2F202006%2F20200618170852922.jpg
70,조슈아,https://search.pstatic.net/common?type=a&size=120x150&quality=95&direct=true&src=http%3A%2F%2Fsstatic.naver.net%2Fpeople%2Fportrait%2F202006%2F20200618170910102.jpg
71,준,https://search.pstatic.net/common?type=ofullfill&size=120x150&quality=95&direct=true&src=http%3A%2F%2Fsstatic.naver.net%2Fpeople%2Fportrait%2F202006%2F20200618170924516.jpg
72,호시,https://search.pstatic.net/common?type=a&size=120x150&quality=95&direct=true&src=http%3A%2F%2Fsstatic.naver.net%2Fpeople%2Fportrait%2F202006%2F2020061817102642.jpg
73,원우,https://search.pstatic.net/common?type=a&size=120x150&quality=95&direct=true&src=http%3A%2F%2Fsstatic.naver.net%2Fpeople%2Fportrait%2F202006%2F20200618171050110.jpg
74,우지,https://search.pstatic.net/common?type=a&size=120x150&quality=95&direct=true&src=http%3A%2F%2Fsstatic.naver.net%2Fpeople%2Fportrait%2F202006%2F20200618171116388.jpg
75,디에잇,https://search.pstatic.net/common?type=a&size=120x150&quality=95&direct=true&src=http%3A%2F%2Fsstatic.naver.net%2Fpeople%2Fportrait%2F202006%2F20200618173003924.jpg
76,민규,https://search.pstatic.net/common?type=a&size=120x150&quality=95&direct=true&src=http%3A%2F%2Fsstatic.naver.net%2Fpeople%2Fportrait%2F202006%2F20200618173024327.jpg
77,도겸,https://search.pstatic.net/common?type=a&size=120x150&quality=95&direct=true&src=http%3A%2F%2Fsstatic.naver.net%2Fpeople%2Fportrait%2F202006%2F20200618173707762.jpg
78,승관,https://search.pstatic.net/common?type=a&size=120x150&quality=95&direct=true&src=http%3A%2F%2Fsstatic.naver.net%2Fpeople%2Fportrait%2F202006%2F20200618173721253.jpg
79,버논,https://search.pstatic.net/common?type=a&size=120x150&quality=95&direct=true&src=http%3A%2F%2Fsstatic.naver.net%2Fpeople%2Fportrait%2F202006%2F2020061817374014.jpg
80,디노,https://search.pstatic.net/common?type=a&size=120x150&quality=95&direct=true&src=http%3A%2F%2Fsstatic.naver.net%2Fpeople%2Fportrait%2F202006%2F20200618173812699.jpg
81,싸이,https://search.pstatic.net/common?type=a&size=120x150&quality=95&direct=true&src=http%3A%2F%2Fsstatic.naver.net%2Fpeople%2F8%2F201904291138578561.jpg
82,아이유,https://search.pstatic.net/common?type=a&size=120x150&quality=95&direct=true&src=http%3A%2F%2Fsstatic.naver.net%2Fpeople%2Fportrait%2F202004%2F20200423174808385.jpg
83,임영웅,https://search.pstatic.net/common?type=a&size=120x150&quality=95&direct=true&src=http%3A%2F%2Fsstatic.naver.net%2Fpeople%2Fportrait%2F201808%2F20180831170633494.jpg
84,영탁,https://search.pstatic.net/common?type=a&size=120x150&quality=95&direct=true&src=http%3A%2F%2Fsstatic.naver.net%2Fpeople%2Fportrait%2F202006%2F20200620090332879.jpg
85,장민호,https://search.pstatic.net/common?type=a&size=120x150&quality=95&direct=true&src=http%3A%2F%2Fsstatic.naver.net%2Fpeople%2Fportrait%2F201701%2F2017010315324366.jpg
86,김희재,https://search.pstatic.net/common?type=a&size=120x150&quality=95&direct=true&src=http%3A%2F%2Fsstatic.naver.net%2Fpeople%2Fportrait%2F202005%2F20200519134345648-3433857.jpg
87,김호중,https://search.pstatic.net/common?type=a&size=120x150&quality=95&direct=true&src=http%3A%2F%2Fsstatic.naver.net%2Fpeople%2Fportrait%2F202004%2F20200403141945940-4312791.jpg
88,이찬원,https://search.pstatic.net/common?type=a&size=120x150&quality=95&direct=true&src=http%3A%2F%2Fsstatic.naver.net%2Fpeople%2Fportrait%2F202005%2F20200511121154351-5989740.jpg
89,정동원,https://search.pstatic.net/common?type=a&size=120x150&quality=95&direct=true&src=http%3A%2F%2Fsstatic.naver.net%2Fpeople%2Fportrait%2F202007%2F20200709142513417.jpg
90,황치열,https://search.pstatic.net/common?type=a&size=120x150&quality=95&direct=true&src=http%3A%2F%2Fsstatic.naver.net%2Fpeople%2Fportrait%2F201901%2F20190121115436235.jpg
