id,drama_name,drama_img
1,기생충,https://search.pstatic.net/common?type=o&size=120x171&quality=100&direct=true&src=https%3A%2F%2Fs.pstatic.net%2Fmovie.phinf%2F20190528_36%2F1559024198386YVTEw_JPEG%2Fmovie_image.jpg%3Ftype%3Dw640_2
2,쌍갑포차,https://search.pstatic.net/common?type=o&size=128x184&quality=90&direct=true&src=http%3A%2F%2Fsstatic.naver.net%2Fkeypage%2Fimage%2Fdss%2F57%2F69%2F64%2F88%2F57_9696488_poster_image_1587955207312.jpg
3,사랑의 불시착,https://search.pstatic.net/common?type=o&size=128x184&quality=90&direct=true&src=http%3A%2F%2Fsstatic.naver.net%2Fkeypage%2Fimage%2Fdss%2F57%2F77%2F26%2F94%2F57_9772694_poster_image_1576197401622.jpg
4,더 킹 : 영원의 군주,https://search.pstatic.net/common?type=o&size=128x184&quality=90&direct=true&src=http%3A%2F%2Fsstatic.naver.net%2Fkeypage%2Fimage%2Fdss%2F57%2F72%2F10%2F75%2F57_9721075_poster_image_1585202950077.jpg
5,태양의 후예,https://search.pstatic.net/common?type=o&size=128x184&quality=90&direct=true&src=http%3A%2F%2Fsstatic.naver.net%2Fkeypage%2Fimage%2Fdss%2F57%2F85%2F93%2F60%2F57_1859360_poster_image_1454304225522.jpg
6,부산행,https://search.pstatic.net/common?type=o&size=120x171&quality=100&direct=true&src=https%3A%2F%2Fs.pstatic.net%2Fmovie.phinf%2F20200612_248%2F1591937633750Vvyr6_JPEG%2Fmovie_image.jpg%3Ftype%3Dw640_2
7,괴물,https://search.pstatic.net/common?type=o&size=120x171&quality=100&direct=true&src=https%3A%2F%2Fs.pstatic.net%2Fmovie.phinf%2F20111223_39%2F1324570929423jGaQ1_JPEG%2Fmovie_image.jpg%3Ftype%3Dw640_2
8,별에서 온 그대,https://search.pstatic.net/common?type=o&size=128x184&quality=90&direct=true&src=http%3A%2F%2Fsstatic.naver.net%2Fkeypage%2Fimage%2Fdss%2F57%2F67%2F38%2F34%2F57_673834_poster_image_1387159171602.jpg
9,대장금,https://search.pstatic.net/common?type=o&size=128x184&quality=90&direct=true&src=http%3A%2F%2Fsstatic.naver.net%2Fkeypage%2Fimage%2Fdss%2F57%2F65%2F93%2F99%2F57_659399_poster_image_1433835683881.jpg
10,구르미 그린 달빛,https://search.pstatic.net/common?type=o&size=128x184&quality=90&direct=true&src=http%3A%2F%2Fsstatic.naver.net%2Fkeypage%2Fimage%2Fdss%2F57%2F37%2F30%2F26%2F57_3373026_poster_image_1471395715777.jpg
11,힘쎈여자 도봉순,https://search.pstatic.net/common?type=o&size=128x184&quality=90&direct=true&src=http%3A%2F%2Fsstatic.naver.net%2Fkeypage%2Fimage%2Fdss%2F57%2F61%2F93%2F90%2F57_3619390_poster_image_1486002679074.jpg
12,김비서가 왜 그럴까,https://search.pstatic.net/common?type=o&size=128x184&quality=90&direct=true&src=http%3A%2F%2Fsstatic.naver.net%2Fkeypage%2Fimage%2Fdss%2F57%2F68%2F23%2F80%2F57_6682380_poster_image_1526887344735.jpg
13,킹덤,https://search.pstatic.net/common?type=o&size=128x184&quality=90&direct=true&src=http%3A%2F%2Fsstatic.naver.net%2Fkeypage%2Fimage%2Fdss%2F57%2F36%2F93%2F50%2F57_9369350_poster_image_1580963827760.jpg
14,도깨비,https://searchad-phinf.pstatic.net/MjAxOTEwMjRfMjA0/MDAxNTcxODk4MDk4NzA2.9KuUWMZxIuDtGbDlFLLnVgCtnxnIRaXemR9dPy_uy-gg.dSdk5di_ecCDfJJfujLrpNmxE87pzzSHBOBueULMJXMg.PNG/1758638-a9f5ae71-a6fd-4ff5-8ffc-23c3f7ec8dab.png?type=f120_120
15,미스터선샤인,https://search.pstatic.net/common?type=o&size=128x184&quality=90&direct=true&src=http%3A%2F%2Fsstatic.naver.net%2Fkeypage%2Fimage%2Fdss%2F57%2F93%2F03%2F36%2F57_5930336_poster_image_1529890762332.jpg
