id,show_name,show_img
1,런닝맨,https://search.pstatic.net/common?type=o&size=128x184&quality=90&direct=true&src=http%3A%2F%2Fsstatic.naver.net%2Fkeypage%2Fimage%2Fdss%2F57%2F67%2F49%2F81%2F57_674981_poster_image_1537158466551.jpg
2,아는형님,https://search.pstatic.net/common?type=o&size=128x184&quality=90&direct=true&src=http%3A%2F%2Fsstatic.naver.net%2Fkeypage%2Fimage%2Fdss%2F57%2F05%2F29%2F01%2F57_3052901_poster_image_1468200336266.jpg
3,1박2일,https://searchad-phinf.pstatic.net/MjAxOTAzMjhfMjgz/MDAxNTUzNzM2OTYxMTk2.8BNhj7s8pHcWaE28Ct-Pgq3eyaH-NfEk-UIkxKzFIXYg.UXI9268xVB-KbWlItnn-UogeH2-E9AgTknHQAtn6Uicg.JPEG/438529-31a7b09d-cf71-4fc0-8ae0-1626ca248e24.JPG?type=f120_120
4,집사부일체,https://search.pstatic.net/common?type=o&size=128x184&quality=90&direct=true&src=http%3A%2F%2Fsstatic.naver.net%2Fkeypage%2Fimage%2Fdss%2F57%2F49%2F00%2F39%2F57_6490039_poster_image_1588147266531.png
5,효리네 민박,https://search.pstatic.net/common?type=o&size=128x184&quality=90&direct=true&src=http%3A%2F%2Fsstatic.naver.net%2Fkeypage%2Fimage%2Fdss%2F57%2F52%2F00%2F83%2F57_6520083_poster_image_1517212348884.jpg
6,아빠 어디가,https://search.pstatic.net/common?type=o&size=128x184&quality=90&direct=true&src=http%3A%2F%2Fsstatic.naver.net%2Fkeypage%2Fimage%2Fdss%2F57%2F68%2F30%2F10%2F57_1683010_poster_image_1417596173068.jpg
7,무한도전,https://search.pstatic.net/common?type=o&size=128x184&quality=90&direct=true&src=http%3A%2F%2Fsstatic.naver.net%2Fkeypage%2Fimage%2Fdss%2F57%2F65%2F99%2F10%2F57_659910_poster_image_1506416659493.jpg
8,패밀리가 떴다,https://search.pstatic.net/common?type=o&size=128x184&quality=90&direct=true&src=http%3A%2F%2Fsstatic.naver.net%2Fkeypage%2Fimage%2Fdss%2F57%2F0%2F0%2F164%2F164268.jpg
9,슈퍼맨이 돌아왔다,https://search.pstatic.net/common?type=o&size=128x184&quality=90&direct=true&src=http%3A%2F%2Fsstatic.naver.net%2Fkeypage%2Fimage%2Fdss%2F57%2F67%2F55%2F66%2F57_675566_poster_image_1593759907331.jpg
